DO-EXPR-GA-FOD-1,TESTING
DO-EXPR-GA-FOD-2,TESTING
DO-EXPR-GA-FOD-3,TESTING
DO-EXPR-GA-FOD-4,TESTING
DO-EXPR-GA-FOD-5,TESTING
DO-EXPR-GA-FOD-6,TESTING
DO-EXPR-GA-FOD-7,TESTING
DO-EXPR-GA-FOD-8,TESTING
DO-EXPR-GA-FOD-9,TESTING
DO-EXPR-GA-FOD-10,TESTING
DO-EXPR-GA-FOD-11,TESTING
DO-EXPR-GA-FOD-12,TESTING
DO-EXPR-GA-FOD-13,TESTING
DO-EXPR-GA-FOD-14,TESTING
DO-EXPR-GA-FOD-15,TESTING
DO-EXPR-GA-FOD-16,TESTING
DO-EXPR-GA-FOD-17,TESTING
DO-EXPR-GA-FOD-18,TESTING
DO-EXPR-GA-FOD-19,TESTING
DO-EXPR-GA-FOD-20,TESTING
DO-EXPR-GA-FOD-21,TESTING
DO-EXPR-GA-FOD-22,TESTING
DO-EXPR-GA-FOD-23,TESTING
DO-EXPR-GA-FOD-24,TESTING
DO-EXPR-GA-FOD-25,TESTING
DO-EXPR-GA-FOD-26,TESTING
DO-EXPR-GA-FOD-27,TESTING
DO-EXPR-GA-FOD-28,TESTING
DO-EXPR-GA-FOD-29,TESTING
DO-EXPR-GA-FOD-30,TESTING
DO-EXPR-GA-FOD-31,TESTING
DO-EXPR-GA-FOD-32,TESTING
DO-EXPR-GA-FOD-33,TESTING
DO-EXPR-GA-FOD-34,TESTING
DO-EXPR-GA-FOD-35,TESTING
DO-EXPR-GA-FOD-36,TESTING
DO-EXPR-GA-FOD-37,TESTING
DO-EXPR-GA-FOD-38,TESTING
DO-EXPR-GA-FOD-39,TESTING
DO-EXPR-GA-FOD-40,TESTING
DO-EXPR-GA-FOD-41,TESTING
DO-EXPR-GA-FOD-42,TESTING
DO-EXPR-GA-FOD-43,TESTING
DO-EXPR-GA-FOD-44,TESTING
DO-EXPR-GA-FOD-45,TESTING
DO-EXPR-GA-FOD-46,TESTING
DO-EXPR-GA-FOD-47,TESTING
DO-EXPR-GA-FOD-48,TESTING
DO-EXPR-GA-FOD-49,TESTING
DO-EXPR-GA-FOD-50,TESTING
DO-EXPR-GA-FOD-51,TESTING
DO-EXPR-GA-FOD-52,TESTING
DO-EXPR-GA-FOD-53,TESTING
DO-EXPR-GA-FOD-54,TESTING
DO-EXPR-GA-FOD-55,TESTING
DO-EXPR-GA-FOD-56,TESTING
DO-EXPR-GA-FOD-57,TESTING
DO-EXPR-GA-FOD-58,TESTING
DO-EXPR-GA-FOD-59,TESTING
DO-EXPR-GA-FOD-60,TESTING
DO-EXPR-GA-FOD-61,TESTING
DO-EXPR-GA-FOD-62,TESTING
DO-EXPR-GA-FOD-63,TESTING
DO-EXPR-GA-FOD-64,TESTING
DO-EXPR-GA-FOD-65,TESTING
DO-EXPR-GA-FOD-66,TESTING
DO-EXPR-GA-FOD-67,TESTING
DO-EXPR-GA-FOD-68,TESTING
DO-EXPR-GA-FOD-69,TESTING
DO-EXPR-GA-FOD-70,TESTING
DO-EXPR-GA-FOD-71,TESTING
DO-EXPR-GA-FOD-72,TESTING
DO-EXPR-GA-FOD-73,TESTING
DO-EXPR-GA-FOD-74,TESTING
DO-EXPR-GA-FOD-75,TESTING
DO-EXPR-GA-FOD-76,TESTING
DO-EXPR-GA-FOD-77,TESTING
DO-EXPR-GA-FOD-78,TESTING
DO-EXPR-GA-FOD-79,TESTING
DO-EXPR-GA-FOD-80,TESTING
DO-EXPR-GA-FOD-81,TESTING
DO-EXPR-GA-FOD-82,TESTING
DO-EXPR-GA-FOD-83,TESTING
DO-EXPR-GA-FOD-84,TESTING
DO-EXPR-GA-FOD-85,TESTING
DO-EXPR-GA-FOD-86,TESTING
DO-EXPR-GA-FOD-87,TESTING
DO-EXPR-GA-FOD-88,TESTING
DO-EXPR-GA-FOD-89,TESTING
DO-EXPR-GA-FOD-90,TESTING
DO-EXPR-GA-FOD-91,TESTING
DO-EXPR-GA-FOD-92,TESTING
DO-EXPR-GA-FOD-93,TESTING
DO-EXPR-GA-FOD-94,TESTING
DO-EXPR-GA-FOD-95,TESTING
DO-EXPR-GA-FOD-96,TESTING
DO-EXPR-GA-FOD-97,TESTING
DO-EXPR-GA-FOD-98,TESTING
DO-EXPR-GA-FOD-99,TESTING
DO-EXPR-GA-FOD-100,TESTING
DO-EXPR-GA-FOD-101,TESTING
DO-EXPR-GA-FOD-102,TESTING
DO-EXPR-GA-FOD-103,TESTING
DO-EXPR-GA-FOD-104,TESTING
DO-EXPR-GA-FOD-105,TESTING
DO-EXPR-GA-FOD-106,TESTING
DO-EXPR-GA-FOD-107,TESTING
DO-EXPR-GA-FOD-108,TESTING
DO-EXPR-GA-FOD-109,TESTING
DO-EXPR-GA-FOD-110,TESTING
DO-EXPR-GA-FOD-111,TESTING
DO-EXPR-GA-FOD-112,TESTING
DO-EXPR-GA-FOD-113,TESTING
DO-EXPR-GA-FOD-114,TESTING
DO-EXPR-GA-FOD-115,TESTING
DO-EXPR-GA-FOD-116,TESTING
DO-EXPR-GA-FOD-117,TESTING
DO-EXPR-GA-FOD-118,TESTING
DO-EXPR-GA-FOD-119,TESTING
DO-EXPR-GA-FOD-120,TESTING
DO-EXPR-GA-FOD-121,TESTING
DO-EXPR-GA-FOD-122,TESTING
DO-EXPR-GA-FOD-123,TESTING
DO-EXPR-GA-FOD-124,TESTING
DO-EXPR-GA-FOD-125,TESTING
DO-EXPR-GA-FOD-126,TESTING
DO-EXPR-GA-FOD-127,TESTING
DO-EXPR-GA-FOD-128,TESTING
DO-EXPR-GA-FOD-129,TESTING
DO-EXPR-GA-FOD-130,TESTING
DO-EXPR-GA-FOD-131,TESTING
DO-EXPR-GA-FOD-132,TESTING
DO-EXPR-GA-FOD-133,TESTING
DO-EXPR-GA-FOD-134,TESTING
DO-EXPR-GA-FOD-135,TESTING
DO-EXPR-GA-FOD-136,TESTING
DO-EXPR-GA-FOD-137,TESTING
DO-EXPR-GA-FOD-138,TESTING
DO-EXPR-GA-FOD-139,TESTING
DO-EXPR-GA-FOD-140,TESTING
DO-EXPR-GA-FOD-141,TESTING
DO-EXPR-GA-FOD-142,TESTING
DO-EXPR-GA-FOD-143,TESTING
DO-EXPR-GA-FOD-144,TESTING
DO-EXPR-GA-FOD-145,TESTING
DO-EXPR-GA-FOD-146,TESTING
DO-EXPR-GA-FOD-147,TESTING
DO-EXPR-GA-FOD-148,TESTING
DO-EXPR-GA-FOD-149,TESTING
DO-EXPR-GA-FOD-150,TESTING
DO-EXPR-GA-FOD-151,TESTING
DO-EXPR-GA-FOD-152,TESTING
DO-EXPR-GA-FOD-153,TESTING
DO-EXPR-GA-FOD-154,TESTING
DO-EXPR-GA-FOD-155,TESTING
DO-EXPR-GA-FOD-156,TESTING
DO-EXPR-GA-FOD-157,TESTING
DO-EXPR-GA-FOD-158,TESTING
DO-EXPR-GA-FOD-159,TESTING
DO-EXPR-GA-FOD-160,TESTING
DO-EXPR-GA-FOD-161,TESTING
DO-EXPR-GA-FOD-162,TESTING
DO-EXPR-GA-FOD-163,TESTING
DO-EXPR-GA-FOD-164,TESTING
DO-EXPR-GA-FOD-165,TESTING
DO-EXPR-GA-FOD-166,TESTING
DO-EXPR-GA-FOD-167,TESTING
DO-EXPR-GA-FOD-168,TESTING
DO-EXPR-GA-FOD-169,TESTING
DO-EXPR-GA-FOD-170,TESTING
DO-EXPR-GA-FOD-171,TESTING
DO-EXPR-GA-FOD-172,TESTING
DO-EXPR-GA-FOD-173,TESTING
DO-EXPR-GA-FOD-174,TESTING
DO-EXPR-GA-FOD-175,TESTING
DO-EXPR-GA-FOD-176,TESTING
DO-EXPR-GA-FOD-177,TESTING
DO-EXPR-GA-FOD-178,TESTING
DO-EXPR-GA-FOD-179,TESTING
DO-EXPR-GA-FOD-180,TESTING
DO-EXPR-GA-FOD-181,TESTING
DO-EXPR-GA-FOD-182,TESTING
DO-EXPR-GA-FOD-183,TESTING
DO-EXPR-GA-FOD-184,TESTING
DO-EXPR-GA-FOD-185,TESTING
DO-EXPR-GA-FOD-186,TESTING
DO-EXPR-GA-FOD-187,TESTING
DO-EXPR-GA-FOD-188,TESTING
DO-EXPR-GA-FOD-189,TESTING
DO-EXPR-GA-FOD-190,TESTING
DO-EXPR-GA-FOD-191,TESTING
DO-EXPR-GA-FOD-192,TESTING
DO-EXPR-GA-FOD-193,TESTING
DO-EXPR-GA-FOD-194,TESTING
DO-EXPR-GA-FOD-195,TESTING
DO-EXPR-GA-FOD-196,TESTING
DO-EXPR-GA-FOD-197,TESTING
DO-EXPR-GA-FOD-198,TESTING
DO-EXPR-GA-FOD-199,TESTING
DO-EXPR-GA-FOD-200,TESTING
DO-EXPR-GA-FOD-201,TESTING
DO-EXPR-GA-FOD-202,TESTING
DO-EXPR-GA-FOD-203,TESTING
DO-EXPR-GA-FOD-204,TESTING
DO-EXPR-GA-FOD-205,TESTING
DO-EXPR-GA-FOD-206,TESTING
DO-EXPR-GA-FOD-207,TESTING
DO-EXPR-GA-FOD-208,TESTING
DO-EXPR-GA-FOD-209,TESTING
DO-EXPR-GA-FOD-210,TESTING
DO-EXPR-GA-FOD-211,TESTING
DO-EXPR-GA-FOD-212,TESTING
DO-EXPR-GA-FOD-213,TESTING
DO-EXPR-GA-FOD-214,TESTING
DO-EXPR-GA-FOD-215,TESTING
DO-EXPR-GA-FOD-216,TESTING
DO-EXPR-GA-FOD-217,TESTING
DO-EXPR-GA-FOD-218,TESTING
DO-EXPR-GA-FOD-219,TESTING
DO-EXPR-GA-FOD-220,TESTING
DO-EXPR-GA-FOD-221,TESTING
DO-EXPR-GA-FOD-222,TESTING
DO-EXPR-GA-FOD-223,TESTING
DO-EXPR-GA-FOD-224,TESTING
DO-EXPR-GA-FOD-225,TESTING
DO-EXPR-GA-FOD-226,TESTING
DO-EXPR-GA-FOD-227,TESTING
DO-EXPR-GA-FOD-228,TESTING
DO-EXPR-GA-FOD-229,TESTING
DO-EXPR-GA-FOD-230,TESTING
DO-EXPR-GA-FOD-231,TESTING
DO-EXPR-GA-FOD-232,TESTING
DO-EXPR-GA-FOD-233,TESTING
DO-EXPR-GA-FOD-234,TESTING
DO-EXPR-GA-FOD-235,TESTING
DO-EXPR-GA-FOD-236,TESTING
DO-EXPR-GA-FOD-237,TESTING
DO-EXPR-GA-FOD-238,TESTING
DO-EXPR-GA-FOD-239,TESTING
DO-EXPR-GA-FOD-240,TESTING
DO-EXPR-GA-FOD-241,TESTING
DO-EXPR-GA-FOD-242,TESTING
DO-EXPR-GA-FOD-243,TESTING
DO-EXPR-GA-FOD-244,TESTING
DO-EXPR-GA-FOD-245,TESTING
DO-EXPR-GA-FOD-246,TESTING
DO-EXPR-GA-FOD-247,TESTING
DO-EXPR-GA-FOD-248,TESTING
DO-EXPR-GA-FOD-249,TESTING
DO-EXPR-GA-FOD-250,TESTING
DO-EXPR-GA-FOD-251,TESTING
DO-EXPR-GA-FOD-252,TESTING
DO-EXPR-GA-FOD-253,TESTING
DO-EXPR-GA-FOD-254,TESTING
DO-EXPR-GA-FOD-255,TESTING
DO-EXPR-GA-FOD-256,TESTING
DO-EXPR-GA-FOD-257,TESTING
DO-EXPR-GA-FOD-258,TESTING
DO-EXPR-GA-FOD-259,TESTING
DO-EXPR-GA-FOD-260,TESTING
DO-EXPR-GA-FOD-261,TESTING
DO-EXPR-GA-FOD-262,TESTING
DO-EXPR-GA-FOD-263,TESTING
DO-EXPR-GA-FOD-264,TESTING
DO-EXPR-GA-FOD-265,TESTING
DO-EXPR-GA-FOD-266,TESTING
DO-EXPR-GA-FOD-267,TESTING
DO-EXPR-GA-FOD-268,TESTING
DO-EXPR-GA-FOD-269,TESTING
DO-EXPR-GA-FOD-270,TESTING
DO-EXPR-GA-FOD-271,TESTING
DO-EXPR-GA-FOD-272,TESTING
DO-EXPR-GA-FOD-273,TESTING
DO-EXPR-GA-FOD-274,TESTING
DO-EXPR-GA-FOD-275,TESTING
DO-EXPR-GA-FOD-276,TESTING
DO-EXPR-GA-FOD-277,TESTING
DO-EXPR-GA-FOD-278,TESTING
DO-EXPR-GA-FOD-279,TESTING
DO-EXPR-GA-FOD-280,TESTING
DO-EXPR-GA-FOD-281,TESTING
DO-EXPR-GA-FOD-282,TESTING
DO-EXPR-GA-FOD-283,TESTING
DO-EXPR-GA-FOD-284,TESTING
DO-EXPR-GA-FOD-285,TESTING
DO-EXPR-GA-FOD-286,TESTING
DO-EXPR-GA-FOD-287,TESTING
DO-EXPR-GA-FOD-288,TESTING
DO-EXPR-GA-FOD-289,TESTING
DO-EXPR-GA-FOD-290,TESTING
DO-EXPR-GA-FOD-291,TESTING
DO-EXPR-GA-FOD-292,TESTING
DO-EXPR-GA-FOD-293,TESTING
DO-EXPR-GA-FOD-294,TESTING
DO-EXPR-GA-FOD-295,TESTING
DO-EXPR-GA-FOD-296,TESTING
DO-EXPR-GA-FOD-297,TESTING
DO-EXPR-GA-FOD-298,TESTING
DO-EXPR-GA-FOD-299,TESTING
DO-EXPR-GA-FOD-300,TESTING
DO-EXPR-GA-FOD-301,TESTING
DO-EXPR-GA-FOD-302,TESTING
DO-EXPR-GA-FOD-303,TESTING
DO-EXPR-GA-FOD-304,TESTING
DO-EXPR-GA-FOD-305,TESTING
DO-EXPR-GA-FOD-306,TESTING
DO-EXPR-GA-FOD-307,TESTING
DO-EXPR-GA-FOD-308,TESTING
DO-EXPR-GA-FOD-309,TESTING
DO-EXPR-GA-FOD-310,TESTING
DO-EXPR-GA-FOD-311,TESTING
DO-EXPR-GA-FOD-312,TESTING
DO-EXPR-GA-FOD-313,TESTING
DO-EXPR-GA-FOD-314,TESTING
DO-EXPR-GA-FOD-315,TESTING
DO-EXPR-GA-FOD-316,TESTING
DO-EXPR-GA-FOD-317,TESTING
DO-EXPR-GA-FOD-318,TESTING
DO-EXPR-GA-FOD-319,TESTING
DO-EXPR-GA-FOD-320,TESTING
DO-EXPR-GA-FOD-321,TESTING
DO-EXPR-GA-FOD-322,TESTING
DO-EXPR-GA-FOD-323,TESTING
DO-EXPR-GA-FOD-324,TESTING
DO-EXPR-GA-FOD-325,TESTING
DO-EXPR-GA-FOD-326,TESTING
DO-EXPR-GA-FOD-327,TESTING
DO-EXPR-GA-FOD-328,TESTING
DO-EXPR-GA-FOD-329,TESTING
DO-EXPR-GA-FOD-330,TESTING
DO-EXPR-GA-FOD-331,TESTING
DO-EXPR-GA-FOD-332,TESTING
DO-EXPR-GA-FOD-333,TESTING
DO-EXPR-GA-FOD-334,TESTING
DO-EXPR-GA-FOD-335,TESTING
DO-EXPR-GA-FOD-336,TESTING
DO-EXPR-GA-FOD-337,TESTING
DO-EXPR-GA-FOD-338,TESTING
DO-EXPR-GA-FOD-339,TESTING
DO-EXPR-GA-FOD-340,TESTING
DO-EXPR-GA-FOD-341,TESTING
DO-EXPR-GA-FOD-342,TESTING
DO-EXPR-GA-FOD-343,TESTING
DO-EXPR-GA-FOD-344,TESTING
DO-EXPR-GA-FOD-345,TESTING
DO-EXPR-GA-FOD-346,TESTING
DO-EXPR-GA-FOD-347,TESTING
DO-EXPR-GA-FOD-348,TESTING
DO-EXPR-GA-FOD-349,TESTING
DO-EXPR-GA-FOD-350,TESTING
DO-EXPR-GA-FOD-351,TESTING
DO-EXPR-GA-FOD-352,TESTING
DO-EXPR-GA-FOD-353,TESTING
DO-EXPR-GA-FOD-354,TESTING
DO-EXPR-GA-FOD-355,TESTING
DO-EXPR-GA-FOD-356,TESTING
DO-EXPR-GA-FOD-357,TESTING
DO-EXPR-GA-FOD-358,TESTING
DO-EXPR-GA-FOD-359,TESTING
DO-EXPR-GA-FOD-360,TESTING
DO-EXPR-GA-FOD-361,TESTING
DO-EXPR-GA-FOD-362,TESTING
DO-EXPR-GA-FOD-363,TESTING
DO-EXPR-GA-FOD-364,TESTING
DO-EXPR-GA-FOD-365,TESTING
DO-EXPR-GA-FOD-366,TESTING
DO-EXPR-GA-FOD-367,TESTING
DO-EXPR-GA-FOD-368,TESTING
DO-EXPR-GA-FOD-369,TESTING
DO-EXPR-GA-FOD-370,TESTING
DO-EXPR-GA-FOD-371,TESTING
DO-EXPR-GA-FOD-372,TESTING
DO-EXPR-GA-FOD-373,TESTING
DO-EXPR-GA-FOD-374,TESTING
DO-EXPR-GA-FOD-375,TESTING
DO-EXPR-GA-FOD-376,TESTING
DO-EXPR-GA-FOD-377,TESTING
DO-EXPR-GA-FOD-378,TESTING
DO-EXPR-GA-FOD-379,TESTING
DO-EXPR-GA-FOD-380,TESTING
DO-EXPR-GA-FOD-381,TESTING
DO-EXPR-GA-FOD-382,TESTING
DO-EXPR-GA-FOD-383,TESTING
DO-EXPR-GA-FOD-384,TESTING
DO-EXPR-GA-FOD-385,TESTING
DO-EXPR-GA-FOD-386,TESTING
DO-EXPR-GA-FOD-387,TESTING
DO-EXPR-GA-FOD-388,TESTING
DO-EXPR-GA-FOD-389,TESTING
DO-EXPR-GA-FOD-390,TESTING
DO-EXPR-GA-FOD-391,TESTING
DO-EXPR-GA-FOD-392,TESTING
DO-EXPR-GA-FOD-393,TESTING
DO-EXPR-GA-FOD-394,TESTING
DO-EXPR-GA-FOD-395,TESTING
DO-EXPR-GA-FOD-396,TESTING
DO-EXPR-GA-FOD-397,TESTING
DO-EXPR-GA-FOD-398,TESTING
DO-EXPR-GA-FOD-399,TESTING
DO-EXPR-GA-FOD-400,TESTING
DO-EXPR-GA-FOD-401,TESTING
DO-EXPR-GA-FOD-402,TESTING
DO-EXPR-GA-FOD-403,TESTING
DO-EXPR-GA-FOD-404,TESTING
DO-EXPR-GA-FOD-405,TESTING
DO-EXPR-GA-FOD-406,TESTING
DO-EXPR-GA-FOD-407,TESTING
DO-EXPR-GA-FOD-408,TESTING
DO-EXPR-GA-FOD-409,TESTING
DO-EXPR-GA-FOD-410,TESTING
DO-EXPR-GA-FOD-411,TESTING
DO-EXPR-GA-FOD-412,TESTING
DO-EXPR-GA-FOD-413,TESTING
DO-EXPR-GA-FOD-414,TESTING
DO-EXPR-GA-FOD-415,TESTING
DO-EXPR-GA-FOD-416,TESTING
DO-EXPR-GA-FOD-417,TESTING
DO-EXPR-GA-FOD-418,TESTING
DO-EXPR-GA-FOD-419,TESTING
DO-EXPR-GA-FOD-420,TESTING
DO-EXPR-GA-FOD-421,TESTING
DO-EXPR-GA-FOD-422,TESTING
DO-EXPR-GA-FOD-423,TESTING
DO-EXPR-GA-FOD-424,TESTING
DO-EXPR-GA-FOD-425,TESTING
DO-EXPR-GA-FOD-426,TESTING
DO-EXPR-GA-FOD-427,TESTING
DO-EXPR-GA-FOD-428,TESTING
DO-EXPR-GA-FOD-429,TESTING
DO-EXPR-GA-FOD-430,TESTING
DO-EXPR-GA-FOD-431,TESTING
DO-EXPR-GA-FOD-432,TESTING
DO-EXPR-GA-FOD-433,TESTING
DO-EXPR-GA-FOD-434,TESTING
DO-EXPR-GA-FOD-435,TESTING
DO-EXPR-GA-FOD-436,TESTING
DO-EXPR-GA-FOD-437,TESTING
DO-EXPR-GA-FOD-438,TESTING
DO-EXPR-GA-FOD-439,TESTING
DO-EXPR-GA-FOD-440,TESTING
DO-EXPR-GA-FOD-441,TESTING
DO-EXPR-GA-FOD-442,TESTING
DO-EXPR-GA-FOD-443,TESTING
DO-EXPR-GA-FOD-444,TESTING
DO-EXPR-GA-FOD-445,TESTING
DO-EXPR-GA-FOD-446,TESTING
DO-EXPR-GA-FOD-447,TESTING
DO-EXPR-GA-FOD-448,TESTING
DO-EXPR-GA-FOD-449,TESTING
DO-EXPR-GA-FOD-450,TESTING
DO-EXPR-GA-FOD-451,TESTING
DO-EXPR-GA-FOD-452,TESTING
DO-EXPR-GA-FOD-453,TESTING
DO-EXPR-GA-FOD-454,TESTING
DO-EXPR-GA-FOD-455,TESTING
DO-EXPR-GA-FOD-456,TESTING
DO-EXPR-GA-FOD-457,TESTING
DO-EXPR-GA-FOD-458,TESTING
DO-EXPR-GA-FOD-459,TESTING
DO-EXPR-GA-FOD-460,TESTING
DO-EXPR-GA-FOD-461,TESTING
DO-EXPR-GA-FOD-462,TESTING
DO-EXPR-GA-FOD-463,TESTING
DO-EXPR-GA-FOD-464,TESTING
DO-EXPR-GA-FOD-465,TESTING
DO-EXPR-GA-FOD-466,TESTING
DO-EXPR-GA-FOD-467,TESTING
DO-EXPR-GA-FOD-468,TESTING
DO-EXPR-GA-FOD-469,TESTING
DO-EXPR-GA-FOD-470,TESTING
DO-EXPR-GA-FOD-471,TESTING
DO-EXPR-GA-FOD-472,TESTING
DO-EXPR-GA-FOD-473,TESTING
DO-EXPR-GA-FOD-474,TESTING
DO-EXPR-GA-FOD-475,TESTING
DO-EXPR-GA-FOD-476,TESTING
DO-EXPR-GA-FOD-477,TESTING
DO-EXPR-GA-FOD-478,TESTING
DO-EXPR-GA-FOD-479,TESTING
DO-EXPR-GA-FOD-480,TESTING
DO-EXPR-GA-FOD-481,TESTING
DO-EXPR-GA-FOD-482,TESTING
DO-EXPR-GA-FOD-483,TESTING
DO-EXPR-GA-FOD-484,TESTING
DO-EXPR-GA-FOD-485,TESTING
DO-EXPR-GA-FOD-486,TESTING
DO-EXPR-GA-FOD-487,TESTING
DO-EXPR-GA-FOD-488,TESTING
DO-EXPR-GA-FOD-489,TESTING
DO-EXPR-GA-FOD-490,TESTING
DO-EXPR-GA-FOD-491,TESTING
DO-EXPR-GA-FOD-492,TESTING
DO-EXPR-GA-FOD-493,TESTING
DO-EXPR-GA-FOD-494,TESTING
DO-EXPR-GA-FOD-495,TESTING
DO-EXPR-GA-FOD-496,TESTING
DO-EXPR-GA-FOD-497,TESTING
DO-EXPR-GA-FOD-498,TESTING
DO-EXPR-GA-FOD-499,TESTING
DO-EXPR-GA-FOD-500,TESTING
DO-EXPR-GA-FOD-501,TESTING
DO-EXPR-GA-FOD-502,TESTING
DO-EXPR-GA-FOD-503,TESTING
DO-EXPR-GA-FOD-504,TESTING
DO-EXPR-GA-FOD-505,TESTING
DO-EXPR-GA-FOD-506,TESTING
DO-EXPR-GA-FOD-507,TESTING
DO-EXPR-GA-FOD-508,TESTING
DO-EXPR-GA-FOD-509,TESTING
DO-EXPR-GA-FOD-510,TESTING
DO-EXPR-GA-FOD-511,TESTING
DO-EXPR-GA-FOD-512,TESTING
DO-EXPR-GA-FOD-513,TESTING
DO-EXPR-GA-FOD-514,TESTING
DO-EXPR-GA-FOD-515,TESTING
DO-EXPR-GA-FOD-516,TESTING
DO-EXPR-GA-FOD-517,TESTING
DO-EXPR-GA-FOD-518,TESTING
DO-EXPR-GA-FOD-519,TESTING
DO-EXPR-GA-FOD-520,TESTING
DO-EXPR-GA-FOD-521,TESTING
DO-EXPR-GA-FOD-522,TESTING
DO-EXPR-GA-FOD-523,TESTING
DO-EXPR-GA-FOD-524,TESTING
DO-EXPR-GA-FOD-525,TESTING
DO-EXPR-GA-FOD-526,TESTING
DO-EXPR-GA-FOD-527,TESTING
DO-EXPR-GA-FOD-528,TESTING
DO-EXPR-GA-FOD-529,TESTING
DO-EXPR-GA-FOD-530,TESTING
DO-EXPR-GA-FOD-531,TESTING
DO-EXPR-GA-FOD-532,TESTING
DO-EXPR-GA-FOD-533,TESTING
DO-EXPR-GA-FOD-534,TESTING
DO-EXPR-GA-FOD-535,TESTING
DO-EXPR-GA-FOD-536,TESTING
DO-EXPR-GA-FOD-537,TESTING
DO-EXPR-GA-FOD-538,TESTING
DO-EXPR-GA-FOD-539,TESTING
DO-EXPR-GA-FOD-540,TESTING
DO-EXPR-GA-FOD-541,TESTING
DO-EXPR-GA-FOD-542,TESTING
DO-EXPR-GA-FOD-543,TESTING
DO-EXPR-GA-FOD-544,TESTING
DO-EXPR-GA-FOD-545,TESTING
DO-EXPR-GA-FOD-546,TESTING
DO-EXPR-GA-FOD-547,TESTING
DO-EXPR-GA-FOD-548,TESTING
DO-EXPR-GA-FOD-549,TESTING
DO-EXPR-GA-FOD-550,TESTING
DO-EXPR-GA-FOD-551,TESTING
DO-EXPR-GA-FOD-552,TESTING
DO-EXPR-GA-FOD-553,TESTING
DO-EXPR-GA-FOD-554,TESTING
DO-EXPR-GA-FOD-555,TESTING
DO-EXPR-GA-FOD-556,TESTING
DO-EXPR-GA-FOD-557,TESTING
DO-EXPR-GA-FOD-558,TESTING
DO-EXPR-GA-FOD-559,TESTING
DO-EXPR-GA-FOD-560,TESTING
DO-EXPR-GA-FOD-561,TESTING
DO-EXPR-GA-FOD-562,TESTING
DO-EXPR-GA-FOD-563,TESTING
DO-EXPR-GA-FOD-564,TESTING
DO-EXPR-GA-FOD-565,TESTING
DO-EXPR-GA-FOD-566,TESTING
DO-EXPR-GA-FOD-567,TESTING
DO-EXPR-GA-FOD-568,TESTING
DO-EXPR-GA-FOD-569,TESTING
DO-EXPR-GA-FOD-570,TESTING
DO-EXPR-GA-FOD-571,TESTING
DO-EXPR-GA-FOD-572,TESTING
DO-EXPR-GA-FOD-573,TESTING
DO-EXPR-GA-FOD-574,TESTING
DO-EXPR-GA-FOD-575,TESTING
DO-EXPR-GA-FOD-576,TESTING
DO-EXPR-GA-FOD-577,TESTING
DO-EXPR-GA-FOD-578,TESTING
DO-EXPR-GA-FOD-579,TESTING
DO-EXPR-GA-FOD-580,TESTING
DO-EXPR-GA-FOD-581,TESTING
DO-EXPR-GA-FOD-582,TESTING
DO-EXPR-GA-FOD-583,TESTING
DO-EXPR-GA-FOD-584,TESTING
DO-EXPR-GA-FOD-585,TESTING
DO-EXPR-GA-FOD-586,TESTING
DO-EXPR-GA-FOD-587,TESTING
DO-EXPR-GA-FOD-588,TESTING
DO-EXPR-GA-FOD-589,TESTING
DO-EXPR-GA-FOD-590,TESTING
DO-EXPR-GA-FOD-591,TESTING
DO-EXPR-GA-FOD-592,TESTING
DO-EXPR-GA-FOD-593,TESTING
DO-EXPR-GA-FOD-594,TESTING
DO-EXPR-GA-FOD-595,TESTING
DO-EXPR-GA-FOD-596,TESTING
DO-EXPR-GA-FOD-597,TESTING
DO-EXPR-GA-FOD-598,TESTING
DO-EXPR-GA-FOD-599,TESTING
DO-EXPR-GA-FOD-600,TESTING
DO-EXPR-GA-FOD-601,TESTING
DO-EXPR-GA-FOD-602,TESTING
DO-EXPR-GA-FOD-603,TESTING
DO-EXPR-GA-FOD-604,TESTING
DO-EXPR-GA-FOD-605,TESTING
DO-EXPR-GA-FOD-606,TESTING
DO-EXPR-GA-FOD-607,TESTING
DO-EXPR-GA-FOD-608,TESTING
DO-EXPR-GA-FOD-609,TESTING
DO-EXPR-GA-FOD-610,TESTING
DO-EXPR-GA-FOD-611,TESTING
DO-EXPR-GA-FOD-612,TESTING
DO-EXPR-GA-FOD-613,TESTING
DO-EXPR-GA-FOD-614,TESTING
DO-EXPR-GA-FOD-615,TESTING
DO-EXPR-GA-FOD-616,TESTING
DO-EXPR-GA-FOD-617,TESTING
DO-EXPR-GA-FOD-618,TESTING
DO-EXPR-GA-FOD-619,TESTING
DO-EXPR-GA-FOD-620,TESTING
DO-EXPR-GA-FOD-621,TESTING
DO-EXPR-GA-FOD-622,TESTING
DO-EXPR-GA-FOD-623,TESTING
DO-EXPR-GA-FOD-624,TESTING
DO-EXPR-GA-FOD-625,TESTING
DO-EXPR-GA-FOD-626,TESTING
DO-EXPR-GA-FOD-627,TESTING
DO-EXPR-GA-FOD-628,TESTING
DO-EXPR-GA-FOD-629,TESTING
DO-EXPR-GA-FOD-630,TESTING
DO-EXPR-GA-FOD-631,TESTING
DO-EXPR-GA-FOD-632,TESTING
DO-EXPR-GA-FOD-633,TESTING
DO-EXPR-GA-FOD-634,TESTING
DO-EXPR-GA-FOD-635,TESTING
DO-EXPR-GA-FOD-636,TESTING
DO-EXPR-GA-FOD-637,TESTING
DO-EXPR-GA-FOD-638,TESTING
DO-EXPR-GA-FOD-639,TESTING
DO-EXPR-GA-FOD-640,TESTING
DO-EXPR-GA-FOD-641,TESTING
DO-EXPR-GA-FOD-642,TESTING
DO-EXPR-GA-FOD-643,TESTING
DO-EXPR-GA-FOD-644,TESTING
DO-EXPR-GA-FOD-645,TESTING
DO-EXPR-GA-FOD-646,TESTING
DO-EXPR-GA-FOD-647,TESTING
DO-EXPR-GA-FOD-648,TESTING
DO-EXPR-GA-FOD-649,TESTING
DO-EXPR-GA-FOD-650,TESTING
DO-EXPR-GA-FOD-651,TESTING
DO-EXPR-GA-FOD-652,TESTING
DO-EXPR-GA-FOD-653,TESTING
DO-EXPR-GA-FOD-654,TESTING
DO-EXPR-GA-FOD-655,TESTING
DO-EXPR-GA-FOD-656,TESTING
DO-EXPR-GA-FOD-657,TESTING
DO-EXPR-GA-FOD-658,TESTING
DO-EXPR-GA-FOD-659,TESTING
DO-EXPR-GA-FOD-660,TESTING
DO-EXPR-GA-FOD-661,TESTING
DO-EXPR-GA-FOD-662,TESTING
DO-EXPR-GA-FOD-663,TESTING
DO-EXPR-GA-FOD-664,TESTING
DO-EXPR-GA-FOD-665,TESTING
DO-EXPR-GA-FOD-666,TESTING
DO-EXPR-GA-FOD-667,TESTING
DO-EXPR-GA-FOD-668,TESTING
DO-EXPR-GA-FOD-669,TESTING
DO-EXPR-GA-FOD-670,TESTING
DO-EXPR-GA-FOD-671,TESTING
DO-EXPR-GA-FOD-672,TESTING
DO-EXPR-GA-FOD-673,TESTING
DO-EXPR-GA-FOD-674,TESTING
DO-EXPR-GA-FOD-675,TESTING
DO-EXPR-GA-FOD-676,TESTING
DO-EXPR-GA-FOD-677,TESTING
DO-EXPR-GA-FOD-678,TESTING
DO-EXPR-GA-FOD-679,TESTING
DO-EXPR-GA-FOD-680,TESTING
DO-EXPR-GA-FOD-681,TESTING
DO-EXPR-GA-FOD-682,TESTING
DO-EXPR-GA-FOD-683,TESTING
DO-EXPR-GA-FOD-684,TESTING
DO-EXPR-GA-FOD-685,TESTING
DO-EXPR-GA-FOD-686,TESTING
DO-EXPR-GA-FOD-687,TESTING
DO-EXPR-GA-FOD-688,TESTING
DO-EXPR-GA-FOD-689,TESTING
DO-EXPR-GA-FOD-690,TESTING
DO-EXPR-GA-FOD-691,TESTING
DO-EXPR-GA-FOD-692,TESTING
DO-EXPR-GA-FOD-693,TESTING
DO-EXPR-GA-FOD-694,TESTING
DO-EXPR-GA-FOD-695,TESTING
DO-EXPR-GA-FOD-696,TESTING
DO-EXPR-GA-FOD-697,TESTING
DO-EXPR-GA-FOD-698,TESTING
DO-EXPR-GA-FOD-699,TESTING
DO-EXPR-GA-FOD-700,TESTING
DO-EXPR-GA-FOD-701,TESTING
DO-EXPR-GA-FOD-702,TESTING
DO-EXPR-GA-FOD-703,TESTING
DO-EXPR-GA-FOD-704,TESTING
DO-EXPR-GA-FOD-705,TESTING
DO-EXPR-GA-FOD-706,TESTING
DO-EXPR-GA-FOD-707,TESTING
DO-EXPR-GA-FOD-708,TESTING
DO-EXPR-GA-FOD-709,TESTING
DO-EXPR-GA-FOD-710,TESTING
DO-EXPR-GA-FOD-711,TESTING
DO-EXPR-GA-FOD-712,TESTING
DO-EXPR-GA-FOD-713,TESTING
DO-EXPR-GA-FOD-714,TESTING
DO-EXPR-GA-FOD-715,TESTING
DO-EXPR-GA-FOD-716,TESTING
DO-EXPR-GA-FOD-717,TESTING
DO-EXPR-GA-FOD-718,TESTING
DO-EXPR-GA-FOD-719,TESTING
DO-EXPR-GA-FOD-720,TESTING
DO-EXPR-GA-FOD-721,TESTING
DO-EXPR-GA-FOD-722,TESTING
DO-EXPR-GA-FOD-723,TESTING
DO-EXPR-GA-FOD-724,TESTING
DO-EXPR-GA-FOD-725,TESTING
DO-EXPR-GA-FOD-726,TESTING
DO-EXPR-GA-FOD-727,TESTING
DO-EXPR-GA-FOD-728,TESTING
DO-EXPR-GA-FOD-729,TESTING
DO-EXPR-GA-FOD-730,TESTING
DO-EXPR-GA-FOD-731,TESTING
DO-EXPR-GA-FOD-732,TESTING
DO-EXPR-GA-FOD-733,TESTING
DO-EXPR-GA-FOD-734,TESTING
DO-EXPR-GA-FOD-735,TESTING
DO-EXPR-GA-FOD-736,TESTING
DO-EXPR-GA-FOD-737,TESTING
DO-EXPR-GA-FOD-738,TESTING
DO-EXPR-GA-FOD-739,TESTING
DO-EXPR-GA-FOD-740,TESTING
DO-EXPR-GA-FOD-741,TESTING
DO-EXPR-GA-FOD-742,TESTING
DO-EXPR-GA-FOD-743,TESTING
DO-EXPR-GA-FOD-744,TESTING
DO-EXPR-GA-FOD-745,TESTING
DO-EXPR-GA-FOD-746,TESTING
DO-EXPR-GA-FOD-747,TESTING
DO-EXPR-GA-FOD-748,TESTING
DO-EXPR-GA-FOD-749,TESTING
DO-EXPR-GA-FOD-750,TESTING
DO-EXPR-GA-FOD-751,TESTING
DO-EXPR-GA-FOD-752,TESTING
DO-EXPR-GA-FOD-753,TESTING
DO-EXPR-GA-FOD-754,TESTING
DO-EXPR-GA-FOD-755,TESTING
DO-EXPR-GA-FOD-756,TESTING
DO-EXPR-GA-FOD-757,TESTING
DO-EXPR-GA-FOD-758,TESTING
DO-EXPR-GA-FOD-759,TESTING
DO-EXPR-GA-FOD-760,TESTING
DO-EXPR-GA-FOD-761,TESTING
DO-EXPR-GA-FOD-762,TESTING
DO-EXPR-GA-FOD-763,TESTING
DO-EXPR-GA-FOD-764,TESTING
DO-EXPR-GA-FOD-765,TESTING
DO-EXPR-GA-FOD-766,TESTING
DO-EXPR-GA-FOD-767,TESTING
DO-EXPR-GA-FOD-768,TESTING
DO-EXPR-GA-FOD-769,TESTING
DO-EXPR-GA-FOD-770,TESTING
DO-EXPR-GA-FOD-771,TESTING
DO-EXPR-GA-FOD-772,TESTING
DO-EXPR-GA-FOD-773,TESTING
DO-EXPR-GA-FOD-774,TESTING
DO-EXPR-GA-FOD-775,TESTING
DO-EXPR-GA-FOD-776,TESTING
DO-EXPR-GA-FOD-777,TESTING
DO-EXPR-GA-FOD-778,TESTING
DO-EXPR-GA-FOD-779,TESTING
DO-EXPR-GA-FOD-780,TESTING
DO-EXPR-GA-FOD-781,TESTING
DO-EXPR-GA-FOD-782,TESTING
DO-EXPR-GA-FOD-783,TESTING
DO-EXPR-GA-FOD-784,TESTING
DO-EXPR-GA-FOD-785,TESTING
DO-EXPR-GA-FOD-786,TESTING
DO-EXPR-GA-FOD-787,TESTING
DO-EXPR-GA-FOD-788,TESTING
DO-EXPR-GA-FOD-789,TESTING
DO-EXPR-GA-FOD-790,TESTING
DO-EXPR-GA-FOD-791,TESTING
DO-EXPR-GA-FOD-792,TESTING
DO-EXPR-GA-FOD-793,TESTING
DO-EXPR-GA-FOD-794,TESTING
DO-EXPR-GA-FOD-795,TESTING
DO-EXPR-GA-FOD-796,TESTING
DO-EXPR-GA-FOD-797,TESTING
DO-EXPR-GA-FOD-798,TESTING
DO-EXPR-GA-FOD-799,TESTING
DO-EXPR-GA-FOD-800,TESTING
DO-EXPR-GA-FOD-801,TESTING
DO-EXPR-GA-FOD-802,TESTING
DO-EXPR-GA-FOD-803,TESTING
DO-EXPR-GA-FOD-804,TESTING
DO-EXPR-GA-FOD-805,TESTING
DO-EXPR-GA-FOD-806,TESTING
DO-EXPR-GA-FOD-807,TESTING
DO-EXPR-GA-FOD-808,TESTING
DO-EXPR-GA-FOD-809,TESTING
DO-EXPR-GA-FOD-810,TESTING
DO-EXPR-GA-FOD-811,TESTING
DO-EXPR-GA-FOD-812,TESTING
DO-EXPR-GA-FOD-813,TESTING
DO-EXPR-GA-FOD-814,TESTING
DO-EXPR-GA-FOD-815,TESTING
DO-EXPR-GA-FOD-816,TESTING
DO-EXPR-GA-FOD-817,TESTING
DO-EXPR-GA-FOD-818,TESTING
DO-EXPR-GA-FOD-819,TESTING
DO-EXPR-GA-FOD-820,TESTING
DO-EXPR-GA-FOD-821,TESTING
DO-EXPR-GA-FOD-822,TESTING
DO-EXPR-GA-FOD-823,TESTING
DO-EXPR-GA-FOD-824,TESTING
DO-EXPR-GA-FOD-825,TESTING
DO-EXPR-GA-FOD-826,TESTING
DO-EXPR-GA-FOD-827,TESTING
DO-EXPR-GA-FOD-828,TESTING
DO-EXPR-GA-FOD-829,TESTING
DO-EXPR-GA-FOD-830,TESTING
DO-EXPR-GA-FOD-831,TESTING
DO-EXPR-GA-FOD-832,TESTING
DO-EXPR-GA-FOD-833,TESTING
DO-EXPR-GA-FOD-834,TESTING
DO-EXPR-GA-FOD-835,TESTING
DO-EXPR-GA-FOD-836,TESTING
DO-EXPR-GA-FOD-837,TESTING
DO-EXPR-GA-FOD-838,TESTING
DO-EXPR-GA-FOD-839,TESTING
DO-EXPR-GA-FOD-840,TESTING
DO-EXPR-GA-FOD-841,TESTING
DO-EXPR-GA-FOD-842,TESTING
DO-EXPR-GA-FOD-843,TESTING
DO-EXPR-GA-FOD-844,TESTING
DO-EXPR-GA-FOD-845,TESTING
DO-EXPR-GA-FOD-846,TESTING
DO-EXPR-GA-FOD-847,TESTING
DO-EXPR-GA-FOD-848,TESTING
DO-EXPR-GA-FOD-849,TESTING
DO-EXPR-GA-FOD-850,TESTING
DO-EXPR-GA-FOD-851,TESTING
DO-EXPR-GA-FOD-852,TESTING
DO-EXPR-GA-FOD-853,TESTING
DO-EXPR-GA-FOD-854,TESTING
DO-EXPR-GA-FOD-855,TESTING
DO-EXPR-GA-FOD-856,TESTING
DO-EXPR-GA-FOD-857,TESTING
DO-EXPR-GA-FOD-858,TESTING
DO-EXPR-GA-FOD-859,TESTING
DO-EXPR-GA-FOD-860,TESTING
DO-EXPR-GA-FOD-861,TESTING
DO-EXPR-GA-FOD-862,TESTING
DO-EXPR-GA-FOD-863,TESTING
DO-EXPR-GA-FOD-864,TESTING
DO-EXPR-GA-FOD-865,TESTING
DO-EXPR-GA-FOD-866,TESTING
DO-EXPR-GA-FOD-867,TESTING
DO-EXPR-GA-FOD-868,TESTING
DO-EXPR-GA-FOD-869,TESTING
DO-EXPR-GA-FOD-870,TESTING
DO-EXPR-GA-FOD-871,TESTING
DO-EXPR-GA-FOD-872,TESTING
DO-EXPR-GA-FOD-873,TESTING
DO-EXPR-GA-FOD-874,TESTING
DO-EXPR-GA-FOD-875,TESTING
DO-EXPR-GA-FOD-876,TESTING
DO-EXPR-GA-FOD-877,TESTING
DO-EXPR-GA-FOD-878,TESTING
DO-EXPR-GA-FOD-879,TESTING
DO-EXPR-GA-FOD-880,TESTING
DO-EXPR-GA-FOD-881,TESTING
DO-EXPR-GA-FOD-882,TESTING
DO-EXPR-GA-FOD-883,TESTING
DO-EXPR-GA-FOD-884,TESTING
DO-EXPR-GA-FOD-885,TESTING
DO-EXPR-GA-FOD-886,TESTING
DO-EXPR-GA-FOD-887,TESTING
DO-EXPR-GA-FOD-888,TESTING
DO-EXPR-GA-FOD-889,TESTING
DO-EXPR-GA-FOD-890,TESTING
DO-EXPR-GA-FOD-891,TESTING
DO-EXPR-GA-FOD-892,TESTING
DO-EXPR-GA-FOD-893,TESTING
DO-EXPR-GA-FOD-894,TESTING
DO-EXPR-GA-FOD-895,TESTING
DO-EXPR-GA-FOD-896,TESTING
DO-EXPR-GA-FOD-897,TESTING
DO-EXPR-GA-FOD-898,TESTING
DO-EXPR-GA-FOD-899,TESTING
DO-EXPR-GA-FOD-900,TESTING
DO-EXPR-GA-FOD-901,TESTING
DO-EXPR-GA-FOD-902,TESTING
DO-EXPR-GA-FOD-903,TESTING
DO-EXPR-GA-FOD-904,TESTING
DO-EXPR-GA-FOD-905,TESTING
DO-EXPR-GA-FOD-906,TESTING
DO-EXPR-GA-FOD-907,TESTING
DO-EXPR-GA-FOD-908,TESTING
DO-EXPR-GA-FOD-909,TESTING
DO-EXPR-GA-FOD-910,TESTING
DO-EXPR-GA-FOD-911,TESTING
DO-EXPR-GA-FOD-912,TESTING
DO-EXPR-GA-FOD-913,TESTING
DO-EXPR-GA-FOD-914,TESTING
DO-EXPR-GA-FOD-915,TESTING
DO-EXPR-GA-FOD-916,TESTING
DO-EXPR-GA-FOD-917,TESTING
DO-EXPR-GA-FOD-918,TESTING
DO-EXPR-GA-FOD-919,TESTING
DO-EXPR-GA-FOD-920,TESTING
DO-EXPR-GA-FOD-921,TESTING
DO-EXPR-GA-FOD-922,TESTING
DO-EXPR-GA-FOD-923,TESTING
DO-EXPR-GA-FOD-924,TESTING
DO-EXPR-GA-FOD-925,TESTING
DO-EXPR-GA-FOD-926,TESTING
DO-EXPR-GA-FOD-927,TESTING
DO-EXPR-GA-FOD-928,TESTING
DO-EXPR-GA-FOD-929,TESTING
DO-EXPR-GA-FOD-930,TESTING
DO-EXPR-GA-FOD-931,TESTING
DO-EXPR-GA-FOD-932,TESTING
DO-EXPR-GA-FOD-933,TESTING
DO-EXPR-GA-FOD-934,TESTING
DO-EXPR-GA-FOD-935,TESTING
DO-EXPR-GA-FOD-936,TESTING
DO-EXPR-GA-FOD-937,TESTING
DO-EXPR-GA-FOD-938,TESTING
DO-EXPR-GA-FOD-939,TESTING
DO-EXPR-GA-FOD-940,TESTING
DO-EXPR-GA-FOD-941,TESTING
DO-EXPR-GA-FOD-942,TESTING
DO-EXPR-GA-FOD-943,TESTING
DO-EXPR-GA-FOD-944,TESTING
DO-EXPR-GA-FOD-945,TESTING
DO-EXPR-GA-FOD-946,TESTING
DO-EXPR-GA-FOD-947,TESTING
DO-EXPR-GA-FOD-948,TESTING
DO-EXPR-GA-FOD-949,TESTING
DO-EXPR-GA-FOD-950,TESTING
DO-EXPR-GA-FOD-951,TESTING
DO-EXPR-GA-FOD-952,TESTING
DO-EXPR-GA-FOD-953,TESTING
DO-EXPR-GA-FOD-954,TESTING
DO-EXPR-GA-FOD-955,TESTING
DO-EXPR-GA-FOD-956,TESTING
DO-EXPR-GA-FOD-957,TESTING
DO-EXPR-GA-FOD-958,TESTING
DO-EXPR-GA-FOD-959,TESTING
DO-EXPR-GA-FOD-960,TESTING
DO-EXPR-GA-FOD-961,TESTING
DO-EXPR-GA-FOD-962,TESTING
DO-EXPR-GA-FOD-963,TESTING
DO-EXPR-GA-FOD-964,TESTING
DO-EXPR-GA-FOD-965,TESTING
DO-EXPR-GA-FOD-966,TESTING
DO-EXPR-GA-FOD-967,TESTING
DO-EXPR-GA-FOD-968,TESTING
DO-EXPR-GA-FOD-969,TESTING
DO-EXPR-GA-FOD-970,TESTING
DO-EXPR-GA-FOD-971,TESTING
DO-EXPR-GA-FOD-972,TESTING
DO-EXPR-GA-FOD-973,TESTING
DO-EXPR-GA-FOD-974,TESTING
DO-EXPR-GA-FOD-975,TESTING
DO-EXPR-GA-FOD-976,TESTING
DO-EXPR-GA-FOD-977,TESTING
DO-EXPR-GA-FOD-978,TESTING
DO-EXPR-GA-FOD-979,TESTING
DO-EXPR-GA-FOD-980,TESTING
DO-EXPR-GA-FOD-981,TESTING
DO-EXPR-GA-FOD-982,TESTING
DO-EXPR-GA-FOD-983,TESTING
DO-EXPR-GA-FOD-984,TESTING
DO-EXPR-GA-FOD-985,TESTING
DO-EXPR-GA-FOD-986,TESTING
DO-EXPR-GA-FOD-987,TESTING
DO-EXPR-GA-FOD-988,TESTING
DO-EXPR-GA-FOD-989,TESTING
DO-EXPR-GA-FOD-990,TESTING
DO-EXPR-GA-FOD-991,TESTING
DO-EXPR-GA-FOD-992,TESTING
DO-EXPR-GA-FOD-993,TESTING
DO-EXPR-GA-FOD-994,TESTING
DO-EXPR-GA-FOD-995,TESTING
DO-EXPR-GA-FOD-996,TESTING
DO-EXPR-GA-FOD-997,TESTING
DO-EXPR-GA-FOD-998,TESTING
DO-EXPR-GA-FOD-999,TESTING
DO-EXPR-GA-FOD-1000,TESTING
